source,target,regex,code,type,hits,title,status
"/digitalenomaden/werken-en-reizen-combineren/","https://demodernenomaden.nl/digitalenomaden/digitale-nomaden/",0,301,"url",182,"","active"
"/digitalenomaden/digitale-nomade-worden-en-wereld-reizen/","https://demodernenomaden.nl/digitalenomaden/digitale-nomaden/",0,301,"url",260,"","active"
"/moderne-nomaden/werken-en-reizen-combineren/","https://demodernenomaden.nl/online-marketing-en-reizen-combineren/",0,301,"url",588,"","active"
"/category/moderne-nomaden/","https://demodernenomaden.nl/category/digitalenomaden/",0,301,"url",163,"","active"
"/tips/niet-aannemen-van-slecht-advies/","https://demodernenomaden.nl/tips/slecht-advies-krijgen/",0,301,"url",106,"","active"
"/moderne-nomaden/trainingsweken-erasmus-plus-informatie/","https://demodernenomaden.nl/tips/erasmus-plus-training/",0,301,"url",180,"","active"
"/moderne-nomaden/digitale-nomade-worden-en-wereld-reizen/","https://demodernenomaden.nl/digitalenomaden/digitale-nomaden/",0,301,"url",591,"","active"
"/uncategorized/tips-om-werken-en-reizen-te-combineren/","https://demodernenomaden.nl/digitalenomaden/praktische-dingen-om-op-te-letten-wanneer-je-werken-en-reizen-wilt-combineren/",0,301,"url",546,"","active"
"/persoonlijk/lange-afstand-relatie-hoe-werkt-als-reiziger/","https://demodernenomaden.nl/persoonlijk/lange-afstandsrelatie-buitenland/",0,301,"url",274,"","active"
"/moderne-nomaden/niet-aannemen-van-slecht-advies/","https://demodernenomaden.nl/tips/slecht-advies-krijgen/",0,301,"url",90,"","active"
"/category/moderne-nomaden/page/2/","https://demodernenomaden.nl/",0,301,"url",4,"","active"
"/moderne-nomaden/morgen-op-reis-naar-oost-europa/","https://demodernenomaden.nl/persoonlijk/voordat-je-op-reis-gaat/",0,301,"url",51,"","active"
"/moderne-nomaden/tips-om-werken-en-reizen-te-combineren/","https://demodernenomaden.nl/digitalenomaden/praktische-dingen-om-op-te-letten-wanneer-je-werken-en-reizen-wilt-combineren/",0,301,"url",690,"","active"
"/onlinemarketing/strategische-e-mail-klanten-oplevert/","https://demodernenomaden.nl/onlinemarketing/acquisitie-mail-voorbeeld/",0,301,"url",829,"","active"
"/author/admin/","https://demodernenomaden.nl/over-mij/",0,301,"url",5482,"","active"
"/onlinemarketing/online-marketing-dj-drive-in-show/&nbsp","https://demodernenomaden.nl/onlinemarketing/online-marketing-dj-drive-in-show/",0,301,"url",41,"","active"
"/digitalenomaden/praktische-dingen-om-op-te-letten-wanneer-je-werken-en-reizen-wilt-combineren/","https://demodernenomaden.nl/digitalenomaden/reizen-en-werken-combineren/",0,301,"url",931,"","active"
"/moderne-nomaden/praktische-dingen-om-op-te-letten-wanneer-je-werken-en-reizen-wilt-combineren/","https://demodernenomaden.nl/digitalenomaden/reizen-en-werken-combineren/",0,301,"url",698,"","active"
"/tips/trainingsweken-erasmus-plus-informatie/","https://demodernenomaden.nl/tips/erasmus-plus-training/",0,301,"url",111,"","active"
"/uncategorized/strategische-e-mail-klanten-oplevert/","https://demodernenomaden.nl/onlinemarketing/acquisitie-mail-voorbeeld/",0,301,"url",0,"","active"
"/webdesign-dordrecht/","https://demodernenomaden.nl/webdesign-venray/",0,301,"url",43,"","active"
"/online-marketing-en-reizen-combineren/","https://demodernenomaden.nl/training-word-digitale-nomade-2019/",0,301,"url",1215,"","active"
"/webdesign-venray","https://demodernenomaden.nl/webdesign/",0,301,"url",241,"","active"
"/webdesign-dordrecht","https://demodernenomaden.nl/webdesign/",0,301,"url",31,"","active"
"/tips/sociale-media-zijn-het-nieuwe-roken/","https://demodernenomaden.nl/",0,301,"url",90,"","active"
"/moderne-nomaden/strategische-e-mail-klanten-oplevert/","https://demodernenomaden.nl/onlinemarketing/acquisitie-mail-voorbeeld/",0,301,"url",940,"","active"
"/uncategorized/het-leven-als-moderne-nomade/","https://demodernenomaden.nl/digitalenomaden/digitale-nomaden/",0,301,"url",238,"","active"
"/digitalenomaden/digitale-nomaden/!%20rel=","https://demodernenomaden.nl/digitalenomaden/digitale-nomaden/",0,301,"url",1,"","active"
"/onlinemarketing/online-marketing-dj-drive-in-show/","https://demodernenomaden.nl/",0,301,"url",191,"","active"
"/training-word-digitale-nomade/","https://demodernenomaden.nl/training-word-digitale-nomade-2019/",0,301,"url",1535,"","active"
"/training-word-digitale-nomade","https://demodernenomaden.nl/training-word-digitale-nomade-2019/",0,301,"url",427,"","active"
"/word-digitale-nomade-training-12-01-2019/","https://demodernenomaden.nl/training-word-digitale-nomade-2019/",0,301,"url",0,"","active"
"/training-word-digitale-nomade-12-01-2019","https://demodernenomaden.nl/training-word-digitale-nomade-2019/",0,301,"url",592,"","active"
"/training-word-digitale-nomade-12-01-2019/","https://demodernenomaden.nl/training-word-digitale-nomade-2019/",0,301,"url",698,"","active"
"/ondernemen/influencer-worden/","https://demodernenomaden.nl/online-geld-verdienen/influencer-worden/",0,301,"url",444,"","active"
"/ondernemen/jia-ruan/","https://demodernenomaden.nl/online-geld-verdienen/jia-ruan/",0,301,"url",561,"","active"
"/reviews/enormail-review/","https://demodernenomaden.nl/ondernemen/enormail-review/",0,301,"url",689,"","active"
"/reviews/agency-masterclass-review-mitchell-weijerman/","https://demodernenomaden.nl/online-geld-verdienen/agency-masterclass-review-mitchell-weijerman/",0,301,"url",637,"","active"
"/reviews/de-meeste-mensen-deugen-rutger-bregman-recensie/","https://demodernenomaden.nl/tips/de-meeste-mensen-deugen-rutger-bregman-recensie/",0,301,"url",339,"","active"
"/persoonlijk/ibiza-lounger/","https://demodernenomaden.nl/tips/ibiza-lounger/",0,301,"url",569,"","active"
"/reviews/bol-masterclass-jia-ruan-review/","https://demodernenomaden.nl/online-geld-verdienen/bol-masterclass-jia-ruan-review/",0,301,"url",795,"","active"
"/onlinemarketing/koude-acquisitie/","https://demodernenomaden.nl/ondernemen/koude-acquisitie/",0,301,"url",386,"","active"
"/persoonlijk/niet-betalende-klanten/","https://demodernenomaden.nl/tips/niet-betalende-klanten/",0,301,"url",236,"","active"
"/persoonlijk/turken-verhuizen-naar-nederland/","https://demodernenomaden.nl/tips/ervaring-turkije-fietsen/",0,301,"url",249,"","active"
"/persoonlijk/doelen-behalen/","https://demodernenomaden.nl/tips/doelen-behalen/",0,301,"url",293,"","active"
"/tips/youtube-kanaal-beginnen/","https://demodernenomaden.nl/online-geld-verdienen/youtube-kanaal-beginnen/",0,301,"url",1729,"","active"
"/plaatsen/wonen-en-werken-in-kampot-in-cambodja/","https://demodernenomaden.nl/digitalenomaden/wonen-en-werken-in-kampot-in-cambodja/",0,301,"url",609,"","active"
"/plaatsen/wonen-en-werken-in-wenen-oostenrijk/","https://demodernenomaden.nl/digitalenomaden/wonen-en-werken-in-wenen-oostenrijk/",0,301,"url",644,"","active"
"/plaatsen/wonen-en-werken-in-plovdiv-bulgarije/","https://demodernenomaden.nl/digitalenomaden/wonen-en-werken-in-plovdiv-bulgarije/",0,301,"url",834,"","active"
"/plaatsen/wonen-en-werken-in-parijs-frankrijk/","https://demodernenomaden.nl/digitalenomaden/wonen-en-werken-in-parijs-frankrijk/",0,301,"url",1009,"","active"
"/plaatsen/wonen-en-werken-in-londen-engeland/","https://demodernenomaden.nl/uncategorized/online-geld-verdienen-titel/",0,301,"url",711,"","active"
"/plaatsen/wonen-en-werken-in-krakau-polen/","https://demodernenomaden.nl/digitalenomaden/wonen-en-werken-in-krakau-polen/",0,301,"url",594,"","active"
"/plaatsen/wonen-en-werken-in-boedapest-hongarije/","https://demodernenomaden.nl/digitalenomaden/wonen-en-werken-in-boedapest-hongarije/",0,301,"url",248,"","active"
"/plaatsen/wonen-en-werken-in-berlijn-duitsland/","https://demodernenomaden.nl/digitalenomaden/wonen-en-werken-in-berlijn-duitsland/",0,301,"url",834,"","active"
"/onlinemarketing/meer-website-bezoekers/","https://demodernenomaden.nl/ondernemen/meer-website-bezoekers/",0,301,"url",1211,"","active"
"/plaatsen/wonen-en-werken-in-novi-sad-servie/","https://demodernenomaden.nl/digitalenomaden/wonen-en-werken-in-novi-sad-servie/",0,301,"url",1180,"","active"
"/onlinemarketing/verkooptekst-schrijven-voorbeeld/","https://demodernenomaden.nl/ondernemen/verkooptekst-schrijven-voorbeeld/",0,301,"url",1122,"","active"
"/gastblog/digital-nomad-waarom/","https://demodernenomaden.nl/digitalenomaden/digital-nomad-waarom/",0,301,"url",235,"","active"
"/persoonlijk/depressie/","https://demodernenomaden.nl/tips/depressie/",0,301,"url",587,"","active"
"/persoonlijk/gewoontes-veranderen/","https://demodernenomaden.nl/tips/gewoontes-veranderen/",0,301,"url",125,"","active"
"/digitalenomaden/online-geld-verdienen/","https://demodernenomaden.nl/online-geld-verdienen/online-geld-verdienen/",0,301,"url",4614,"","active"
"/persoonlijk/inspirerend-speech-geluk-en-inspireren/","https://demodernenomaden.nl/tips/inspirerend-speech-geluk-en-inspireren/",0,301,"url",122,"","active"
"/persoonlijk/lange-afstandsrelatie-buitenland/","https://demodernenomaden.nl/tips/lange-afstandsrelatie-buitenland/",0,301,"url",380,"","active"
"/persoonlijk/interview-mick-van-zadelhoff/","https://demodernenomaden.nl/tips/interview-mick-van-zadelhoff/",0,301,"url",147,"","active"
"/persoonlijk/interview-mick-van-zadelhoff/","https://demodernenomaden.nl/tips/interview-mick-van-zadelhoff/",0,301,"url",0,"","active"
"/onlinemarketing/online-marketing-trouwvideograaf-trouwvideos/","https://demodernenomaden.nl/ondernemen/online-marketing-trouwvideograaf-trouwvideos/",0,301,"url",208,"","active"
"/persoonlijk/muziek-mae-hong-son-loop/","https://demodernenomaden.nl/tips/muziek-mae-hong-son-loop/",0,301,"url",117,"","active"
"/persoonlijk/stoppen-school-studie-en-echt-gaan-leven/","https://demodernenomaden.nl/tips/stoppen-school-studie-en-echt-gaan-leven/",0,301,"url",888,"","active"
"/persoonlijk/radio-rtv-atos/","https://demodernenomaden.nl/tips/radio-rtv-atos/",0,301,"url",268,"","active"
"/onlinemarketing/acquisitie-mail-voorbeeld/","https://demodernenomaden.nl/ondernemen/acquisitie-mail-voorbeeld1/",0,301,"url",3291,"","active"
"/persoonlijk/overgerespecteerd-en-totaal-onbegrepen/","https://demodernenomaden.nl/tips/overgerespecteerd-en-totaal-onbegrepen/",0,301,"url",679,"","active"
"/persoonlijk/voordat-je-op-reis-gaat/","https://demodernenomaden.nl/tips/voordat-je-op-reis-gaat/",0,301,"url",548,"","active"
"/ondernemen/paypro/","https://demodernenomaden.nl/online-geld-verdienen/paypro/",0,301,"url",407,"","active"
"/category/gastblog/","https://demodernenomaden.nl",0,301,"url",157,"","active"
"/category/persoonlijk/","https://demodernenomaden.nl/category/tips/",0,301,"url",247,"","active"
"/category/plaatsen/","https://demodernenomaden.nl/category/digitalenomaden/",0,301,"url",228,"","active"
"/category/reviews/","https://demodernenomaden.nl",0,301,"url",120,"","active"
"/onlinemarketing/online-marketing-slotenmaker/","https://demodernenomaden.nl/ondernemen/online-marketing-slotenmaker/",0,301,"url",1011,"","active"
"/onlinemarketing/online-marketing-hovenier/","https://demodernenomaden.nl/ondernemen/online-marketing-hovenier/",0,301,"url",176,"","active"
"/category/onlinemarketing/","https://demodernenomaden.nl/category/ondernemen/",0,301,"url",216,"","active"
"/webdesign/","https://demodernenomaden.nl/website-optimalisatie/",0,301,"url",1050,"","active"
"/wp-content/uploads/2019/06/Online-Geld-Verdienen-Startersgids.pdf","https://demodernenomaden.nl/startersgids-onthuld/",0,301,"url",65,"","active"
"/tips/corona-ziektekiem-hoop-verschijnselen/","https://demodernenomaden.nl/tips/digital-nomad-thailand-covid-19/",0,301,"url",241,"","active"
"/tips/this-is-the-future-logos-ngo/","https://demodernenomaden.nl/tips/erasmus-plus-training/",0,301,"url",160,"","active"
"/verhalen-en-lessen-uit-een-vrij-leven-digital-nomad/","https://demodernenomaden.nl/digital-nomad-boek/",0,301,"url",4345,"","active"
"/digitalenomaden/digitale-nomaden/","https://demodernenomaden.nl/digitalenomaden/digital-nomad-worden/",0,301,"url",1851,"","active"
"/digital-nomad-worden/","https://demodernenomaden.nl/digitalenomaden/digital-nomad-worden/",0,301,"url",267,"","active"
"/blog-business/","https://demodernenomaden.nl/yes",0,301,"url",628,"","active"
"/ondernemen/acquisitie-mail-voorbeeld/","https://demodernenomaden.nl/ondernemen/acquisitie-mail-voorbeeld1/",0,301,"url",1800,"","active"
"/van-blog-naar-business-masterclass/","https://demodernenomaden.nl/yes/",0,301,"url",3571,"","active"
"/stap-5-geld-bloggen/","https://demodernenomaden.nl/stap-6-geld-verdienen-met-bloggen/",0,301,"url",20,"","active"
"/ondernemen/mailinglijst-groeien/","https://demodernenomaden.nl/ondernemen/leads-genereren-mailinglijst/",0,301,"url",927,"","active"
"/tips/radio-rtv-atos/","https://demodernenomaden.nl/over-mij/#pers",0,301,"url",511,"","active"
"/go/crypto-training/","https://shop.allesovercrypto.nl/r?id=EJgULakD",0,301,"url",14063,"","active"
"/go/siteground","https://www.siteground.com/go/xbztc0sspo",0,301,"url",562,"","active"
"/online-geld-verdienen/bol-masterclass-jia-ruan-review/","https://demodernenomaden.nl/online-geld-verdienen/bol-masterclass-winston-zwemmer-review/",0,301,"url",1330,"","active"
"/go/adobe-premiere-pro-boek","https://partner.bol.com/click/click?p=2&t=url&s=54708&f=TXL&url=https%3A%2F%2Fwww.bol.com%2Fnl%2Fp%2Fadobe-premiere-pro-classroom-in-a-book%2F9200000132547484%2F&name=Adobe%20Premiere%20Pro%20Classroom%20in%20a%20Book%20(2020%20r...",0,301,"url",1180,"","active"
"/go/whitepress","https://www.whitepress.nl/wksp4",0,301,"url",939,"","active"
"/go/bol-masterclass","http://www.paypro.nl/producten/Cursus_-_Bol_Masterclass_/62209/68901",0,301,"url",2212,"","active"
"/go/affiliate-marketing-revolutie","https://www.paypro.nl/producten/Internet_Succes_Gidsnl_-_Affiliate_Marketing_Revolutie/19099/68901",0,301,"url",1940,"","active"
"/go/fit-online-coaching","https://shop.fit.nl/online-coaching",0,301,"url",112,"","active"
"/go/bedrijvenconsultant","https://bedrijvenconsultant.nl/promoten-als-coach/",0,301,"url",621,"","active"
"/go/cash-cow-academy","https://brandsverkopen.plugandpay.nl/redirect?url=https://cashcowacademy.nl/aanmelden/&affiliate=mick-van-zadelhoff",0,301,"url",716,"","active"
"/go/top10-cameras-van-bol","https://partner.bol.com/click/click?p=2&t=url&s=54708&f=TXL&url=https%3A%2F%2Fwww.bol.com%2Fnl%2Fu%2Ftop-10-vlog-camera-s%2F5784b938859059d6303d1a65%2F&name=Top%2010%20Vlog%20camera's",0,301,"url",1286,"","active"
"/go/microfoons-camera-van-bol","https://www.bol.com/nl/l/microfoons-camera/N/21042/?promo=Onmisbare+vlog+accessoires_906_4_%3E+Deze+microfoons+geven+je+loepzuiver+geluid",0,301,"url",958,"","active"
"/go/statieven-van-bol","https://partner.bol.com/click/click?p=2&t=url&s=54708&f=TXL&url=https%3A%2F%2Fwww.bol.com%2Fnl%2Fl%2Fjoby-statieven%2FN%2F8396%2B4288892961%2F&name=bol.com",0,301,"url",798,"","active"
"/go/adobe-premiere-pro","https://clk.tradedoubler.com/click?p=264333&a=3190539&g=22788996",0,301,"url",1386,"","active"
"/go/tradetracker","https://tc.tradetracker.net/?c=27&m=937247&a=351170&r=&u=",0,301,"url",3739,"","active"
"/go/profits-gram","https://e3fbcjqzzw5nen6nzjihx6t619.hop.clickbank.net/",0,301,"url",4,"","active"
"/go/boek-lees-dit-als-je-beroemd-wilt-worden-op-instagram","https://partner.bol.com/click/click?p=2&t=url&s=54708&f=TXL&url=https%3A%2F%2Fwww.bol.com%2Fnl%2Ff%2Flees-dit-als-je-beroemd-wilt-worden-op-instagram%2F9200000071989663%2F&name=Lees%20dit%20-%20Lees%20dit%20als%20je%20beroemd%20wilt%20worden...",0,301,"url",694,"","active"
"/go/skillshare-instagram-trainig","http://skillshare.eqcm.net/1X7Qz",0,301,"url",1,"","active"
"/go/trading-navigator-webinar","https://www.paypro.nl/producten/Trading_Navigator_Methode_webinar/70832/68901",0,301,"url",291,"","active"
"/go/day-trading-masterclass","https://www.paypro.nl/producten/Day_Trading_Masterclass_NL_en_BE_20/85281/68901",0,301,"url",255,"","active"
"/go/enormail","https://enormail.eu?ref=YFhynSSLyz",0,301,"url",1070,"","active"
"/go/coinbase","https://coinbase-consumer.sjv.io/c/2534222/930557/9251",0,301,"url",1627,"","active"
"/go/domain-siteground","https://www.siteground.com/go/1bzz2cl3a9",0,301,"url",328,"","active"
"/go/imu-online-marketing-cursus","https://shop.imu.nl/redirect?url=https://imu.nl/online-marketing-cursus/&affiliate=mick-van-zadelhoff",0,301,"url",819,"","active"
"/go/trx-pro-van-bol","https://partnerprogramma.bol.com/click/click?p=1&t=url&s=54708&f=TXL&url=https%3A%2F%2Fwww.bol.com%2Fnl%2Fp%2Ftrx-pro%2F9200000025039083%2F%3FsuggestionType%3Dsuggestedsearch%26bltgh%3Du0a-gBeOpf1Cq4J-i25DBQ.1.7.ProductTitle&name=TRX%20wie%20koopt%20dat",0,301,"url",310,"","active"
"/go/suspension-trx-van-bol","https://partnerprogramma.bol.com/click/click?p=1&t=url&s=54708&f=TXL&url=https%3A%2F%2Fwww.bol.com%2Fnl%2Fp%2Fptessentials-suspension-trainer-trx%2F9200000058722876%2F%3FsuggestionType%3Dsuggestedsearch%26bltgh%3DuwJDSACN3mlm6uD7cDlP-A.1.3.ProductTitle&name=TRX%20goedkoop",0,301,"url",321,"","active"
"/go/awin1","https://www.awin1.com/cread.php?s=2756672&v=21240&q=401354&r=783451",0,301,"url",2268,"","active"
"/go/youtube-boek","https://partner.bol.com/click/click?p=1&t=url&s=54708&f=TXL&url=https%3A%2F%2Fwww.bol.com%2Fnl%2Fp%2Fyoutube-channels-for-dummies%2F9200000027729268%2F%3FsuggestionType%3Dsuggestedsearch%26bltgh%3Dskp3y2p46CT4rzzW-nBLpA.1.5.ProductTitle&name=youtube5",0,301,"url",408,"","active"
"/go/minimalism-boek","https://partner.bol.com/click/click?p=1&t=url&s=54708&f=TXL&url=https%3A%2F%2Fwww.bol.com%2Fnl%2Fp%2Fminimalism%2F9200000013366056%2F%3FsuggestionType%3Dtypedsearch%26bltgh%3DqB9G-b93FIRW05OkiNpH0w.1.4.ProductTitle&name=Minimalism",0,301,"url",226,"","active"
"/go/jouwweb","https://www.jouwweb.nl/website/?tt=21002_818692_351170_&r=",0,301,"url",276,"","active"
"/go/siteground-woocommerce","https://www.siteground.com/go/19ykulo61d",0,301,"url",326,"","active"
"/go/get-webinarjam","https://mickyvz.krtra.com/t/IMxyrcD5qgZa",0,301,"url",1000,"","active"
"/go/get-awin1","https://www.awin1.com/cread.php?awinmid=8025&awinaffid=783451&clickref=&ued=",0,301,"url",811,"","active"
"/go/get-bol-masterclass","https://www.paypro.nl/producten/Bol_Masterclass_-_Sales_Page_Direct/64266/68901",0,301,"url",408,"","active"
"/go/rutger-bregman-de-meeste-mensen-deugen-boek","https://partner.bol.com/click/click?p=2&t=url&s=54708&f=TXL&url=https%3A%2F%2Fwww.bol.com%2Fnl%2Ff%2Fde-meeste-mensen-deugen%2F9200000105939292%2F&name=De%20meeste%20mensen%20deugen%2C%20Rutger%20Bregman",0,301,"url",287,"","active"
"/go/agency-masterclass-2","http://www.paypro.nl/producten/Agency_Masterclass_-_Directe_Sales_Page_Affiliate_Link/66364/68901",0,301,"url",138,"","active"
"/go/agency-masterclass-actie","https://www.paypro.nl/producten/Cursus_-_Agency_Masterclass_ACTIE/64530/68901",0,301,"url",54,"","active"
"/go/get-unstoppable-mindset","https://www.paypro.nl/producten/Cursus_-_Unstoppable_Mindset/69859/68901",0,301,"url",72,"","active"
"/go/agency-masterclass","https://www.paypro.nl/producten/Cursus_-_Agency_Masterclass/64530/68901",0,301,"url",78,"","active"
"/go/instagram-cursus-ebook","https://www.paypro.nl/producten/E-Book_Instagram-cursus/62812/68901",0,301,"url",616,"","active"
"/go/become-webinarjam","https://mickyvz.krtra.com/t/tGgYlUe7CxlF",0,301,"url",315,"","active"
"/go/bol-affiliate","https://partner.bol.com/click/click?p=2&t=url&s=54708&f=TXL&url=https%3A%2F%2Fwww.bol.com%2Fnl%2F&name=de%20winkel%20van%20ons%20allemaal",0,301,"url",965,"","active"
"/go/awin1-affiliate","https://www.awin1.com/cread.php?awinmid=8025&awinaffid=783451&clickref=&ued=",0,301,"url",210,"","active"
"/go/maak-ze-gek-boek","https://partner.bol.com/click/click?p=2&t=url&s=54708&f=TXL&url=https%3A%2F%2Fwww.bol.com%2Fnl%2Ff%2Fmaak-ze-gek%2F9200000076270595%2F&name=Maak%20ze%20gek!",0,301,"url",431,"","active"
"/go/partner-bol","https://partner.bol.com/click/click?p=2&t=url&s=54708&f=TXL&url=https%3A%2F%2Fwww.bol.com%2Fnl%2Fm%2Fzakelijk-verkopen%2F&name=Zakelijk%20verkopen%20via%20bol.com",0,301,"url",1559,"","active"
"/go/alibaba","https://offer.alibaba.com/cps/1tmgn5ug?bm=cps&src=saf",0,301,"url",11,"","active"
"/go/woosa","https://www.woosa.com/nl/?ref=mickyvanzadelhoff",0,301,"url",309,"","active"
"/go/smmb-masterclass","https://fsmb.plugandpay.nl/r?id=APq4Qz7t",0,301,"url",1088,"","active"
"/go/winnenmetfacebookads","https://winnenmetfacebookads.plugandpay.nl/checkout/134-1598882564",0,301,"url",115,"","active"
"/go/work-hard-travel-harder-boek","https://partner.bol.com/click/click?p=2&t=url&s=54708&f=TXL&url=https%3A%2F%2Fwww.bol.com%2Fnl%2Ff%2Fwork-hard-travel-harder%2F9200000125167180%2F&name=Work%20hard%2C%20travel%20harder%2C%20Suzanne%20van%20Duijn",0,301,"url",369,"","active"
"/go/alchemist-boek","https://partner.bol.com/click/click?p=2&t=url&s=54708&f=TXL&url=https%3A%2F%2Fwww.bol.com%2Fnl%2Ff%2Fthe-alchemist%2F30076681%2F&name=The%20Alchemist%20-%20Engelstalige%20editie%2C%20Paulo%20Coelho",0,301,"url",414,"","active"
"/go/feen-werkweek-van-4-uur-boek","https://partner.bol.com/click/click?p=2&t=url&s=54708&f=TXL&url=https%3A%2F%2Fwww.bol.com%2Fnl%2Ff%2Feen-werkweek-van-4-uur%2F30087749%2F&name=Een%20werkweek%20van%204%20uur%2C%20Timothy%20Ferriss",0,301,"url",369,"","active"
"/go/handboek-voor-wereldburgers","https://partner.bol.com/click/click?p=2&t=url&s=54708&f=TXL&url=https%3A%2F%2Fwww.bol.com%2Fnl%2Ff%2Fhandboek-voor-wereldburgers%2F9200000028137513%2F&name=Handboek%20voor%20wereldburgers%2C%20Esther%20Jacobs",0,301,"url",300,"","active"
"/go/the-art-of-non-conformity-boek","https://partner.bol.com/click/click?p=2&t=url&s=54708&f=TXL&url=https%3A%2F%2Fwww.bol.com%2Fnl%2Ff%2Fbe-audacious-inspiring-your-legacy-and-living-a-life-that-matters%2F9200000041001321%2F&name=The%20Art%20of%20Non-Conformity%2C%20Michael%20W%20Leach",0,301,"url",367,"","active"
"/go/crush-it-boek","https://partner.bol.com/click/click?p=2&t=url&s=54708&f=TXL&url=https%3A%2F%2Fwww.bol.com%2Fnl%2Ff%2Fcrush-it%2F9200000013291772%2F&name=Crush%20It!",0,301,"url",337,"","active"
"/go/get-demio","https://my.demio.com/free-trial?fp_ref=micky86",0,301,"url",419,"","active"
"/go/get-webinarninja","http://www.webinarninja.com/1402.html",0,301,"url",434,"","active"
"/go/get-everwebinar","https://mickyvz.krtra.com/t/MYe3BvGUwQoQ",0,301,"url",343,"","active"
"/go/get-easywebinar","https://caseyzeman.isrefer.com/go/ewhome/mickyvz/",0,301,"url",319,"","active"
"/go/get-livestorm","https://livestorm.grsm.io/mickyvanzadelhoff660",0,301,"url",340,"","active"
"/go/gotomeeting","https://www.gotomeeting.com/nl-nl/webinar",0,301,"url",327,"","active"
"/go/livewebinar","https://www.livewebinar.com/",0,301,"url",267,"","active"
"/go/myownconference","https://myownconference.com/",0,301,"url",311,"","active"
"/go/clickmeeting","https://clickmeeting.com/",0,301,"url",325,"","active"
"/go/getresponse","https://www.getresponse.nl/email-marketing/nl-features/webinarsoftware",0,301,"url",496,"","active"
"/go/mic-van-bol","https://partner.bol.com/click/click?p=2&t=url&s=54708&f=TXL&url=https%3A%2F%2Fwww.bol.com%2Fnl%2Fp%2Fmicrofoon-jackplug-microfoon-condensator-microfoon-microfoon-met-standaard-podcast-microfoon-zwart-vlog-microfoon-plug-play-microfoon-microfoon-voor-pc-microfoon-voor-laptop-noise-cancelling-playstation-studiomicrofoon%2F9300000010520227%2F&name=Microfoon%20-%20Jackplug%20microfoon%20-%20condensator%20m...",0,301,"url",354,"","active"
"/go/over-crypto-training/","https://shop.allesovercrypto.nl/r?id=EJgULakD",0,301,"url",415,"","active"
"/go/rates-crypto-masterclass","https://shop.allesovercrypto.nl/r?id=EJgULakD",0,301,"url",321,"","active"
"/go/huddle","https://checkout.thehuddle.nl/r?id=Hj7EOzBn",0,301,"url",1268,"","active"
"/go/get-crypto-masterclass","https://shop.allesovercrypto.nl/r?id=EJgULakD",0,301,"url",1555,"","active"
"/go/madelonvos","https://shop.madelonvos.nl/redirect?url=https://madelonvos.nl/gratis-crypto-en-trading-academy/&affiliate=mick-van-zadelhoff",0,301,"url",2016,"","active"
"/go/cryptocommunity","https://www.paypro.nl/producten/Cryptocommunity_-_Cryptocursus/80869/68901",0,301,"url",1032,"","active"
"/go/doopiecash","https://doopiecash.nl/cursus-crypto-traden/",0,301,"url",600,"","active"
"/go/cryptotips","https://cryptotips.eu/blog/gratis-bitcoin-cursus/",0,301,"url",446,"","active"
"/go/bitvavo","https://account.bitvavo.com/create?a=57061BA96F",0,301,"url",10512,"","active"
"/go/get-nordvpn","https://go.nordvpn.net/aff_c?offer_id=15&aff_id=48945&file_id=350",0,301,"url",544,"","active"
"/go/webinarkit-live","https://demodernenomaden--mkeymarketing.thrivecart.com/webinarkit-live-starter/",0,301,"url",480,"","active"
"/go/webinarkit","https://demodernenomaden--mkeymarketing.thrivecart.com/webinarkit-special-one-time-pricing/",0,301,"url",659,"","active"
"/go/webinarkit-pro","https://demodernenomaden--mkeymarketing.thrivecart.com/webinarkit-pro-one-time-pricing/",0,301,"url",116,"","active"
"/go/cloud86","https://cloud86.nl/managed-wordpress-hosting/#a_aid=603fa3dca7d6a&a_cid=98d6b5b8",0,301,"url",3287,"","active"
"/go/crypto-portfolio","https://shop.allesovercrypto.nl/r?id=m9MfPFba",0,301,"url",1396,"","active"
"/e-book/online-geld-verdienen","https://demodernenomaden.nl/wp-content/uploads/2021/01/Online-Geld-Verdienen-2021-E-book.pdf",0,301,"url",324,"","active"
"/e-book/digital-nomad","https://demodernenomaden.nl/wp-content/uploads/2020/04/Digital-nomad-Verhalen-en-lessen-uit-een-vrij-leven.pdf",0,301,"url",83,"","active"
"/go/crypto-diamonds-deal","https://shop.madelonvos.nl/redirect?url=https://madelonvos.nl/crypto-en-trading-academy/&affiliate=mick-van-zadelhoff",0,301,"url",515,"","active"
"/go/moneytalkscommunity","https://shop.madelonvos.nl/redirect?url=https://madelonvos.nl/moneytalks&affiliate=mick-van-zadelhoff",0,301,"url",690,"","active"
"/go/technische-analyse","https://shop.madelonvos.nl/redirect?url=https://madelonvos.nl/crypto-en-trading-academy/&affiliate=mick-van-zadelhoff",0,301,"url",527,"","active"
"/go/bitcoin-basics","https://shop.madelonvos.nl/redirect?url=https://madelonvos.nl/gratis-crypto-en-trading-academy/&affiliate=mick-van-zadelhoff",0,301,"url",189,"","active"
"/go/binance","https://accounts.binance.com/en/register?ref=112538344",0,301,"url",863,"","active"
"/online-geld-verdienen/geld-verdienen-met-instagram/","https://demodernenomaden.nl/online-geld-verdienen/geld-verdienen-met-instagram-2/",0,301,"url",3850,"","active"
"/go/managed-cloud86/","https://cloud86.nl/managed-wordpress-hosting/#a_aid=603fa3dca7d6a&a_cid=98d6b5b8",0,301,"url",253,"","active"
"/go/webhosting-cloud86/","https://cloud86.nl/webhosting/#a_aid=603fa3dca7d6a&a_cid=98d6b5b8",0,301,"url",174,"","active"
"/info/binance-market","https://www.binance.com/en/markets?ref=112538344",0,301,"url",2,"","active"
"/go/futuresbinance","https://testnet.binancefuture.com/en/futures/BTCUSDT?ref=112538344",0,301,"url",0,"","active"
"/go/ledger-nano-s","https://partner.bol.com/click/click?p=2&t=url&s=54708&f=TXL&url=https%3A%2F%2Fwww.bol.com%2Fnl%2Fnl%2Fp%2Fledger-nano-s-hardware-wallet-voor-bitcoin-en-cryptocurrency%2F9300000002504413%2F&name=Ledger%20Nano%20S%20-%20Hardware%20wallet%20voor%20Bitcoin%20e...",0,301,"url",341,"","active"
"/go/etoro-trading","https://med.etoro.com/B15328_A110232_TClick_SAanmelding.aspx",0,301,"url",301,"","active"
"/go/etoro-demo","https://med.etoro.com/B15328_A110232_TClick_SAanmelding.aspx",0,301,"url",66,"","active"
"/go/cfd-etoro","https://med.etoro.com/B16736_A110232_TClick_SCFD.aspx",0,301,"url",686,"","active"
"/go/activecampaign","https://www.activecampaign.com/?_r=3WW3AKZP",0,301,"url",355,"","active"
"/go/nft-secrets","https://nftwegwijs.plugandpay.nl/r?id=vEgk1jMJ",0,301,"url",1754,"","active"
"/go/nft-secrets-gratis","https://nftwegwijs.plugandpay.nl/r?id=vEgk1jMJ",0,301,"url",2782,"","active"
"/go/nft-cursus-moosty","https://nftwegwijs.plugandpay.nl/r?id=vEgk1jMJ",0,301,"url",126,"","active"
"/go/gratis-nft-cursus-moosty","https://nftwegwijs.plugandpay.nl/r?id=vEgk1jMJ",0,301,"url",286,"","active"
"/go/nft-alpha","https://nftwegwijs.plugandpay.nl/r?id=vEgk1jMJ",0,301,"url",415,"","active"
"/go/fiverr","https://go.fiverr.com/visit/?bta=340671&brand=fiverrcpa",0,301,"url",1116,"","active"
"/go/fiverr-affiliate","https://go.fiverr.com/visit/?bta=340671&brand=fiverraffiliates",0,301,"url",531,"","active"
"/go/fiverr-workspace","https://go.fiverr.com/visit/?bta=340671&brand=workspace",0,301,"url",97,"","active"
"/go/fiverr-sales-email","https://go.fiverr.com/visit/?bta=340671&brand=fiverrcpa&landingPage=https%3A%2F%2Fwww.fiverr.com%2Frenshageman%2Fwrite-cold-emails-to-promote-your-product-or-business%3Fcontext_referrer%3Dsubcategory_listing%26source%3Dtoggle_filters%26ref_ctx_id%3D0107b1d7cacfd3f80e70a300ed9785a5%26pckg_id%3D1%26pos%3D5%26context_type%3Drating%26funnel%3D0107b1d7cacfd3f80e70a300ed9785a5%26ref%3Dseller_location%253ANL%26imp_id%3D1f253e40-2512-41be-948e-3c8e8c0e894a",0,301,"url",622,"","active"
"/go/fiverr-wordpress-website-maken","https://go.fiverr.com/visit/?bta=340671&brand=fiverrcpa&landingPage=https%3A%2F%2Fwww.fiverr.com%2Fbigwebdesign%2Fmake-a-professional-wordpress-website%3Fcontext_referrer%3Dsearch_gigs%26source%3Dtoggle_filters%26ref_ctx_id%3D1b9def92b3f7ef171d9a14faaa3ded18%26pckg_id%3D1%26pos%3D6%26context_type%3Dauto%26funnel%3D1b9def92b3f7ef171d9a14faaa3ded18%26ref%3Dseller_location%253ANL%26imp_id%3Df9b26597-b44c-4e5f-9135-1f489168d423",0,301,"url",518,"","active"
"/go/fiverr-email-marketing","https://go.fiverr.com/visit/?bta=340671&brand=fiverrcpa&landingPage=https%3A%2F%2Fwww.fiverr.com%2Ftiana18%2Fcreate-an-email-marketing-flow-that-sells%3Fcontext_referrer%3Dsubcategory_listing%26source%3Dcategory_filters%26ref_ctx_id%3Dcc0a7d6d38827756f9de2ff5acb05de2%26pckg_id%3D1%26pos%3D3%26context_type%3Drating%26funnel%3Dcc0a7d6d38827756f9de2ff5acb05de2%26ref%3Dseller_location%253ANL%26imp_id%3Db5cd87c9-a895-41c7-8db0-1866874cdde6",0,301,"url",667,"","active"
"/go/fiverr-blogger","https://go.fiverr.com/visit/?bta=340671&brand=fiverrcpa&landingPage=https%3A%2F%2Fwww.fiverr.com%2Fannavanheteren%2Fwrite-your-blog-post-and-articles-for-you%3Fcontext_referrer%3Dsearch_gigs%26source%3Dtoggle_filters%26ref_ctx_id%3Dc729e831104fb2f45b54f6f0446a85d4%26pckg_id%3D1%26pos%3D1%26context_type%3Dauto%26funnel%3Dc729e831104fb2f45b54f6f0446a85d4%26ref%3Dseller_location%253ANL%26imp_id%3Dc5f2c687-f01f-41e1-9085-2288f153f133",0,301,"url",511,"","active"
"/go/fiverr-productbeschrijving-bol","https://go.fiverr.com/visit/?bta=340671&brand=fiverrcpa&landingPage=https%3A%2F%2Fwww.fiverr.com%2Famber_ecom%2Fbol-com-product-listing-text-schrijven%3Fcontext_referrer%3Dsearch_gigs%26source%3Dtop-bar%26ref_ctx_id%3D03b529a9d557cc8b594f51a218de3623%26pckg_id%3D1%26pos%3D4%26context_type%3Dauto%26funnel%3D03b529a9d557cc8b594f51a218de3623%26imp_id%3Dc355a866-f03a-4c23-994d-02c196ef4996",0,301,"url",226,"","active"
"/go/fiverr-bol-expert","https://go.fiverr.com/visit/?bta=340671&brand=fiverrcpa&landingPage=https%3A%2F%2Fwww.fiverr.com%2Fsteffiegrut%2Fbe-your-expert-bol-virtual-assistant%3Fcontext_referrer%3Dsearch_gigs%26source%3Dtop-bar%26ref_ctx_id%3D308417cc1da5a24098d893070cf0305b%26pckg_id%3D1%26pos%3D6%26context_type%3Dauto%26funnel%3D308417cc1da5a24098d893070cf0305b%26imp_id%3D143ca7af-7643-4f73-ada1-9a784a6e4cc7",0,301,"url",671,"","active"
"/go/fiverr-usp-schrijver","https://go.fiverr.com/visit/?bta=340671&brand=fiverrcpa&landingPage=https%3A%2F%2Fwww.fiverr.com%2Fgabrielakusters%2Fformulate-your-unique-selling-point-usp%3Fcontext_referrer%3Dsearch_gigs%26source%3Dtoggle_filters%26ref_ctx_id%3Dd6d6a54d9fdd443369ae62e07e3c7398%26pckg_id%3D1%26pos%3D1%26context_type%3Dauto%26funnel%3Dd6d6a54d9fdd443369ae62e07e3c7398%26ref%3Dseller_location%253ANL%26imp_id%3Df6189cde-4b02-46a7-9a3e-93669152f744",0,301,"url",813,"","active"
"/go/fiverr-seo-expert","https://go.fiverr.com/visit/?bta=340671&brand=fiverrcpa&landingPage=https%3A%2F%2Fwww.fiverr.com%2Fcontentbylisa%2Foptimize-the-seo-of-your-website-for-optimal-rankings%3Fcontext_referrer%3Dsearch_gigs%26source%3Dtoggle_filters%26ref_ctx_id%3D55d496c7759871aea00f186af345eb00%26pckg_id%3D1%26pos%3D4%26context_type%3Dauto%26funnel%3D55d496c7759871aea00f186af345eb00%26ref%3Dseller_location%253ANL%26imp_id%3D1e2d033e-3a43-4ce3-9c4c-2b00a3f3468a",0,301,"url",367,"","active"
"/go/fiverr-websteksten-schrijven","https://go.fiverr.com/visit/?bta=340671&brand=fiverrcpa&landingPage=https%3A%2F%2Fwww.fiverr.com%2Fdorieneising%2Fwrite-content-for-your-website-blog-or-social-media%3Fcontext_referrer%3Dsearch_gigs%26source%3Dtoggle_filters%26ref_ctx_id%3Df75115adb60709bb1b9b6b50b640304a%26pckg_id%3D1%26pos%3D4%26context_type%3Dauto%26funnel%3Df75115adb60709bb1b9b6b50b640304a%26ref%3Dseller_location%253ANL%26fiverr_choice%3Dtrue%26imp_id%3D8cc6dc42-8d22-4479-b074-e10b4278ad24",0,301,"url",458,"","active"
"/go/fiverr-social-media-management","https://go.fiverr.com/visit/?bta=340671&brand=fiverrcpa&landingPage=https%3A%2F%2Fwww.fiverr.com%2Firisravesteijn%2Fbe-your-social-media-manager-guru%3Fcontext_referrer%3Dsubcategory_listing%26source%3Ddrop_down_filters%26ref_ctx_id%3D8eba85029f81f76ee96a74a2e4a0d1db%26pckg_id%3D1%26pos%3D2%26context_type%3Drating%26funnel%3D8eba85029f81f76ee96a74a2e4a0d1db%26ref%3Dseller_location%253ANL%26fiverr_choice%3Dtrue%26imp_id%3Dbf9b1a73-07be-49d0-920e-e8b5b20960dd",0,301,"url",502,"","active"
"/go/fiverr-webshop-bouwer","https://go.fiverr.com/visit/?bta=340671&brand=fiverrcpa&landingPage=https%3A%2F%2Fwww.fiverr.com%2Fsamkoper21%2Fbuild-a-woocommerce-that-converts-alot-in-1-day%3Fcontext_referrer%3Dsearch_gigs%26source%3Dtoggle_filters%26ref_ctx_id%3De297313ce1e9c2c86ca13f1d07120610%26pckg_id%3D1%26pos%3D4%26context_type%3Dauto%26funnel%3De297313ce1e9c2c86ca13f1d07120610%26ref%3Dseller_location%253ANL%26imp_id%3D73acf0ac-c010-4980-95e1-120e969fa89b",0,301,"url",678,"","active"
"/go/fiverr-nft-10k","https://go.fiverr.com/visit/?bta=340671&brand=fiverrcpa&landingPage=https%3A%2F%2Fwww.fiverr.com%2Fcupcakenft%2Fcreate-unique-nft-art-collection-for-sell-on-opensea%3Fcontext_referrer%3Dsubcategory_listing%26source%3Dcategory_tree%26ref_ctx_id%3D9eb118aa6e6c9a85ff676bff228516d4%26pckg_id%3D1%26pos%3D7%26context_type%3Drating%26funnel%3D9eb118aa6e6c9a85ff676bff228516d4%26imp_id%3Dd2181347-89fd-4554-908a-098b7c718848",0,301,"url",58,"","active"
"/go/fiverr-ghostwriter-ebook","https://go.fiverr.com/visit/?bta=340671&brand=fiverrcpa&landingPage=https%3A%2F%2Fwww.fiverr.com%2Fjessedeboer777%2Fwrite-a-dutch-ebook-on-your-topic%3Fcontext_referrer%3Dsubcategory_listing%26source%3Dcategory_tree%26ref_ctx_id%3D76db17915c6292f61fa097d624b8571a%26pckg_id%3D1%26pos%3D7%26context_type%3Drating%26funnel%3D76db17915c6292f61fa097d624b8571a%26seller_online%3Dtrue%26imp_id%3Df0aae9f6-cdbc-418a-a824-6db3fbe0e98a",0,301,"url",545,"","active"
"/go/fiverr-ebook-design","https://go.fiverr.com/visit/?bta=340671&brand=fiverrcpa&landingPage=https%3A%2F%2Fwww.fiverr.com%2Fpro_ebookcovers%2Fdesign-an-eye-catching-ebook-or-kindle-cover-with-bonus%3Fcontext_referrer%3Dsearch_gigs_with_modalities%26source%3Dtop-bar%26ref_ctx_id%3D59e0d3cedd49373d9aadd3df1467a25c%26pckg_id%3D1%26pos%3D3%26context_type%3Dauto%26funnel%3D59e0d3cedd49373d9aadd3df1467a25c%26imp_id%3D2b6b2437-437d-4fd8-b591-1c8e24cd854f",0,301,"url",553,"","active"
"/go/kucoin","https://www.mexc.com/nl-NL/register?inviteCode=mexc-12BYFB",0,301,"url",1514,"","active"
"/wp-content/uploads/2020/04/Digital-nomad-Verhalen-en-lessen-uit-een-vrij-leven.pdf","https://demodernenomaden.nl/wp-content/uploads/2022/05/Digital-Nomad-Boek.pdf",0,301,"url",0,"","active"
"/go/blox","https://weareblox.com/",0,301,"url",590,"","active"
"/go/bitcoinmeester","https://www.bitcoinmeester.nl/",0,301,"url",121,"","active"
"/go/canva","https://partner.canva.com/c/2534222/619765/10068",0,301,"url",864,"","active"
"/go/imu-spoedcursus","https://shop.imu.nl/redirect?url=https://imu.nl/spoedcursus-online-marketing/&affiliate=mick-van-zadelhoff",0,301,"url",598,"","active"
"/go/sellfy","https://get.sellfy.com/ev",0,301,"url",633,"","active"
"/go/bitget","https://www.bitget.com/en/referral/register?from=referral&clacCode=C3HB7NSG",0,301,"url",393,"","active"
"/go/paypro","https://www.paypro.nl/referral/68901?locale=",0,301,"url",538,"","active"
"/go/usb-microfoon-bol-com","https://partner.bol.com/click/click?p=2&t=url&s=54708&f=TXL&url=https%3A%2F%2Fwww.bol.com%2Fnl%2Fnl%2Fp%2Frode-nt-usb-mini-de-usb-microfoon-voor-pc-laptop-studio-plug-play-met-de-uitmuntende-geluidskwaliteit-van-rode%2F9200000132473465%2F&name=R%C3%98DE%20NT-USB%20Mini%20-%20D%C3%A9%20USB%20microfoon%20voor%20PC%2C%20l...",0,301,"url",419,"","active"
"/go/plugandpay","https://checkout.plugandpay.nl/r?id=BoKZtYwy",0,301,"url",999,"","active"
"/go/shopify","https://shopify.pxf.io/QOoLKo",0,301,"url",494,"","active"
"/go/cloud86-domeinnaam","https://cloud86.nl/domeinnaam/#a_aid=603fa3dca7d6a&a_cid=98d6b5b8",0,301,"url",310,"","active"
"/go/cursus-aandelen","https://aanmelden.financieelvrijevrouw.nl/r?id=g2vm5LMK",0,301,"url",332,"","active"
"/go/fiverr-backlinks","https://go.fiverr.com/visit/?bta=340671&brand=fiverrcpa&landingPage=https%3A%2F%2Fnl.fiverr.com%2Fshare%2FAoBX9a",0,301,"url",607,"","active"
"/go/boek-cialdini","https://partner.bol.com/click/click?p=2&t=url&s=54708&f=TXL&url=https%3A%2F%2Fwww.bol.com%2Fnl%2Fnl%2Ff%2Finvloed%2F9300000042832034%2F&name=Invloed%2C%20Robert%20Cialdini",0,301,"url",472,"","active"
"/go/bol-com-verkopen-e-book","https://possibol.plugandpay.nl/r?id=fnx7TYeu",0,301,"url",409,"","active"
"/go/bol-com-cursus-en-coaching","https://possibol.plugandpay.nl/r?id=dOzaBPTk",0,301,"url",386,"","active"
"/review/nft-alpha-jia-ruan-bv/","https://nftwegwijs.plugandpay.nl/r?id=vEgk1jMJ",0,301,"url",85,"","active"
"/review/wmfa-winnen-met-facebook-ads-marck-van-baal-review/","https://demodernenomaden.nl/ondernemen/social-media-strategie/",0,301,"url",65,"","active"
"/review/smmb-masterclass-review/","https://fsmb.plugandpay.nl/r?id=APq4Qz7t",0,301,"url",165,"","active"
"/review/nft-cursus-moosty-maarten-oostland-review/","https://demodernenomaden.nl/review/nft-secrets-review-mitchel-van-duuren/",0,301,"url",130,"","active"
"/review/agency-masterclass-review-mitchell-weijerman/","https://demodernenomaden.nl/ondernemen/social-media-strategie/",0,301,"url",49,"","active"
"/review/bol-masterclass-winston-zwemmer-review/","https://demodernenomaden.nl/ondernemen/verkopen-op-bol-com/",0,301,"url",217,"","active"
"/go/copymatic","https://copymatic.ai/?via=micky",0,301,"url",1204,"","active"
"/go/podcastle","https://podcastle.ai/?ref=mickyvanzadelhoff1",0,301,"url",909,"","active"
"/go/ocoya","https://www.ocoya.com/?via=micky",0,301,"url",1147,"","active"
"/go/copymonkey","https://copymonkey.ai/?via=micky",0,301,"url",781,"","active"
"/go/unbounce","https://unbounce.com/",0,301,"url",614,"","active"
"/go/looka","https://looka.grsm.io/qvko6ag5tpiq",0,301,"url",2694,"","active"
"/go/synthesia","https://www.synthesia.io/?via=micky",0,301,"url",1335,"","active"
"/go/sembly","https://partnerstack.sembly.ai/modernenomaden",0,301,"url",2308,"","active"
"/go/browse-ai","https://browse.ai/?via=micky",0,301,"url",1910,"","active"
"/go/murf-ai","https://murf.ai/?lmref=Xg5JPw",0,301,"url",2055,"","active"
"/go/pictory","https://pictory.ai?ref=micky97",0,301,"url",940,"","active"
"/go/texta","https://www.texta.ai/?via=micky",0,301,"url",733,"","active"
"/go/smartwriter","https://smartwriter.ai/?via=micky",0,301,"url",1294,"","active"
"/go/trypencil","https://trypencil.com?ref=mickyvanzadelhoff2",0,301,"url",1290,"","active"
"/go/originality","https://originality.ai?lmref=mAnxqQ",0,301,"url",1179,"","active"
"/go/chatbot-com","https://www.chatbot.com/?a=2SPI61TVR&utm_source=PP",0,301,"url",1095,"","active"
"/go/paypro-affiliate","https://www.paypro.nl/producten/Affiliate_registratie_PayPro/98556/68901",0,301,"url",983,"","active"
"/go/neuraltext","https://www.neuraltext.com/?via=micky",0,301,"url",799,"","active"
"/go/copy-ai","https://www.copy.ai/?via=micky",0,301,"url",1881,"","active"
"/go/copy-ai-bloggen","https://www.copy.ai/blog-writers?via=micky",0,301,"url",152,"","active"
"/go/longshot","https://longShot.ai?deal=micky58",0,301,"url",1833,"","active"
"/go/affiliate-succes","https://www.paypro.nl/producten/Succes_Met_Affiliate_Marketing/93821/68901",0,301,"url",504,"","active"
"/go/webinargeek","https://www.webinargeek.com/?r=cad020473077f52f",0,301,"url",406,"","active"
"/go/webinargeek-prijzen","https://www.webinargeek.com/nl/prijzen?r=cad020473077f52f",0,301,"url",337,"","active"
"/go/webinargeek-trial","https://www.webinargeek.com/nl/register?r=cad020473077f52f",0,301,"url",258,"","active"
"/ondernemen/online-marketing-slotenmaker/","https://www.grandecreation.nl/",0,301,"url",878,"","active"
"/yes/","https://demodernenomaden.nl/",0,301,"url",1513,"","active"
"/gratis/","https://demodernenomaden.nl/ondernemen/blog-beginnen-starten-stappenplan/",0,301,"url",1524,"","active"
"/imu-afscheid","https://shop.imu.nl/leegverkoop?partner=mick-van-zadelhoff",0,301,"url",2,"","active"
"/go/finst","https://www.finst.com/nl?tap_a=123619-519b1a&tap_s=4468883-243d3b&utm_source=De+Moderne+Nomaden&utm_medium=a",0,301,"url",2614,"","active"
"/review/crypto-masterclass-review-allesovercrypto-patrick-suiker-derek-westra/","https://demodernenomaden.nl/review/money-mastery-review-allesovercrypto-patrick-suiker-derek-westra/",0,301,"url",102,"","active"
"/review/jia-ruan/","https://demodernenomaden.nl",0,301,"url",644,"","active"
"/go/mexc","https://www.mexc.com/nl-NL/register?inviteCode=mexc-12BYFB",0,301,"url",484,"","active"
"/go/phantom","https://phantom.com/",0,301,"url",1127,"","active"
"/go/pepeaiagent","https://www.dextools.io/app/en/solana/pair-explorer/4JdKd1ez33YSaXmTLHzuF9FTsHvzGqxa1Mfo6FN6KeCB?t=1737495298764",0,301,"url",127,"","active"
"/go/elementorai","https://be.elementor.com/visit/?bta=227276&brand=elementor",0,301,"url",794,"","active"
"/go/speechify","https://speechify.com/ai-voice-generator/?utm_campaign=partners&utm_content=rewardful&via=micky-van-zadelhoff",0,301,"url",740,"","active"
